[{"@type":"mappingTemplate","id":"@1","name":"Mapping_RESTV2","description":"","autoExpireObject":false,"bundleVersion":"0","assetFrsGuid":"3pyY2gvUvB5kCGAR4WvHSV","templateId":"@3","hasParameters":false,"valid":true,"fixedConnection":true,"hasParametersDeployed":false,"fixedConnectionDeployed":false,"isSchemaValidationEnabled":false,"tasks":0,"mappingPreviewFileRecordId":"@2","documentType":"MAPPING","allowMaxFieldLength":false,"references":[{"@type":"reference","refObjectId":"@16nztohDFy3lPXV52o1bui","refType":"connection"},{"@type":"reference","refObjectId":"@5J2S9ge4zSViGK6lJAxSaI","refType":"connection"}]}]